0,/Library/Application Support/NewBlue/Titler Content/Resources/Library/Project Templates/Lower 3rds/Drift L3rd.nbtitle,Drift L3rd.nbtitle,Name,Duration,Name,Subtitle
1,,Title,Title 01,00:00:00;00,test,secondtest
2,,Title,Title 02,00:00:00;00,test,secondtest
3,,Title,Title 03,00:00:00;00,test,secondtest
4,,Title,Title 04,00:00:00;00,test,secondtest
5,,Title,Title 05,00:00:00;00,test,secondtest
6,,Title,Title 06,00:00:00;00,test,secondtest
7,,Title,Title 07,00:00:00;00,test,secondtest
8,,Title,Title 08,00:00:00;00,test,secondtest
9,,Title,Title 09,00:00:00;00,test,secondtest
10,,Title,Title 10,00:00:00;00,test,secondtest
11,,Title,Title 11,00:00:00;00,test,secondtest
12,,Title,Title 12,00:00:00;00,test,secondtest
13,,Title,Title 13,00:00:00;00,test,secondtest
14,,Title,Title 14,00:00:00;00,test,secondtest
15,,Title,Title 15,00:00:00;00,test,secondtest
16,,Title,Title 16,00:00:00;00,test,secondtest
17,,Title,Title 17,00:00:00;00,test,secondtest
18,,Title,Title 18,00:00:00;00,test,secondtest
19,,Title,Title 19,00:00:00;00,test,secondtest
20,,Title,Title 20,00:00:00;00,test,secondtest
21,,Title,Title 21,00:00:00;00,test,secondtest
22,,Title,Title 22,00:00:00;00,test,secondtest
23,,Title,Title 23,00:00:00;00,test,secondtest
24,,Title,Title 24,00:00:00;00,test,secondtest
25,,Title,Title 25,00:00:00;00,test,secondtest
26,,Title,Title 26,00:00:00;00,test,secondtest
27,,Title,Title 27,00:00:00;00,test,secondtest
28,,Title,Title 28,00:00:00;00,test,secondtest
29,,Title,Title 29,00:00:00;00,test,secondtest
30,,Title,Title 30,00:00:00;00,test,secondtest
31,,Title,Title 31,00:00:00;00,test,secondtest
32,,Title,Title 32,00:00:00;00,test,secondtest
33,,Title,Title 33,00:00:00;00,test,secondtest
34,,Title,Title 34,00:00:00;00,test,secondtest
35,,Title,Title 35,00:00:00;00,test,secondtest
36,,Title,Title 36,00:00:00;00,test,secondtest
37,,Title,Title 37,00:00:00;00,test,secondtest
38,,Title,Title 38,00:00:00;00,test,secondtest
39,,Title,Title 39,00:00:00;00,test,secondtest
40,,Title,Title 40,00:00:00;00,test,secondtest
41,,Title,Title 41,00:00:00;00,test,secondtest
42,,Title,Title 42,00:00:00;00,test,secondtest
43,,Title,Title 43,00:00:00;00,test,secondtest
44,,Title,Title 44,00:00:00;00,test,secondtest
45,,Title,Title 45,00:00:00;00,test,secondtest
46,,Title,Title 46,00:00:00;00,test,secondtest
47,,Title,Title 47,00:00:00;00,test,secondtest
48,,Title,Title 48,00:00:00;00,test,secondtest
49,,Title,Title 49,00:00:00;00,test,secondtest
50,,Title,Title 50,00:00:00;00,test,secondtest
51,,Title,Title 51,00:00:00;00,test,secondtest
52,,Title,Title 52,00:00:00;00,test,secondtest
53,,Title,Title 53,00:00:00;00,test,secondtest
54,,Title,Title 54,00:00:00;00,test,secondtest
55,,Title,Title 55,00:00:00;00,test,secondtest
56,,Title,Title 56,00:00:00;00,test,secondtest
57,,Title,Title 57,00:00:00;00,test,secondtest
58,,Title,Title 58,00:00:00;00,test,secondtest
59,,Title,Title 59,00:00:00;00,test,secondtest
60,,Title,Title 60,00:00:00;00,test,secondtest
61,,Title,Title 61,00:00:00;00,test,secondtest
62,,Title,Title 62,00:00:00;00,test,secondtest
63,,Title,Title 63,00:00:00;00,test,secondtest
64,,Title,Title 64,00:00:00;00,test,secondtest
65,,Title,Title 65,00:00:00;00,test,secondtest
66,,Title,Title 66,00:00:00;00,test,secondtest
67,,Title,Title 67,00:00:00;00,test,secondtest
68,,Title,Title 68,00:00:00;00,test,secondtest
69,,Title,Title 69,00:00:00;00,test,secondtest
70,,Title,Title 70,00:00:00;00,test,secondtest
71,,Title,Title 71,00:00:00;00,test,secondtest
72,,Title,Title 72,00:00:00;00,test,secondtest
73,,Title,Title 73,00:00:00;00,test,secondtest
74,,Title,Title 74,00:00:00;00,test,secondtest
75,,Title,Title 75,00:00:00;00,test,secondtest
76,,Title,Title 76,00:00:00;00,test,secondtest
77,,Title,Title 77,00:00:00;00,test,secondtest
78,,Title,Title 78,00:00:00;00,test,secondtest
79,,Title,Title 79,00:00:00;00,test,secondtest
80,,Title,Title 80,00:00:00;00,test,secondtest
81,,Title,Title 81,00:00:00;00,test,secondtest
82,,Title,Title 82,00:00:00;00,test,secondtest
83,,Title,Title 83,00:00:00;00,test,secondtest
84,,Title,Title 84,00:00:00;00,test,secondtest
85,,Title,Title 85,00:00:00;00,test,secondtest
86,,Title,Title 86,00:00:00;00,test,secondtest
87,,Title,Title 87,00:00:00;00,test,secondtest
88,,Title,Title 88,00:00:00;00,test,secondtest
89,,Title,Title 89,00:00:00;00,test,secondtest
90,,Title,Title 90,00:00:00;00,test,secondtest
91,,Title,Title 91,00:00:00;00,test,secondtest
92,,Title,Title 92,00:00:00;00,test,secondtest
93,,Title,Title 93,00:00:00;00,test,secondtest
94,,Title,Title 94,00:00:00;00,test,secondtest
95,,Title,Title 95,00:00:00;00,test,secondtest
96,,Title,Title 96,00:00:00;00,test,secondtest
97,,Title,Title 97,00:00:00;00,test,secondtest
98,,Title,Title 98,00:00:00;00,test,secondtest
99,,Title,Title 99,00:00:00;00,test,secondtest
100,,Title,Title 100,00:00:00;00,test,secondtest
101,,Title,Title 101,00:00:00;00,test,secondtest
102,,Title,Title 102,00:00:00;00,test,secondtest
103,,Title,Title 103,00:00:00;00,test,secondtest
104,,Title,Title 104,00:00:00;00,test,secondtest
105,,Title,Title 105,00:00:00;00,test,secondtest
106,,Title,Title 106,00:00:00;00,test,secondtest
107,,Title,Title 107,00:00:00;00,test,secondtest
108,,Title,Title 108,00:00:00;00,test,secondtest
109,,Title,Title 109,00:00:00;00,test,secondtest
110,,Title,Title 110,00:00:00;00,test,secondtest
111,,Title,Title 111,00:00:00;00,test,secondtest
112,,Title,Title 112,00:00:00;00,test,secondtest
113,,Title,Title 113,00:00:00;00,test,secondtest
114,,Title,Title 114,00:00:00;00,test,secondtest
115,,Title,Title 115,00:00:00;00,test,secondtest
116,,Title,Title 116,00:00:00;00,test,secondtest
117,,Title,Title 117,00:00:00;00,test,secondtest
118,,Title,Title 118,00:00:00;00,test,secondtest
119,,Title,Title 119,00:00:00;00,test,secondtest
120,,Title,Title 120,00:00:00;00,test,secondtest
121,,Title,Title 121,00:00:00;00,test,secondtest
122,,Title,Title 122,00:00:00;00,test,secondtest
123,,Title,Title 123,00:00:00;00,test,secondtest
124,,Title,Title 124,00:00:00;00,test,secondtest
125,,Title,Title 125,00:00:00;00,test,secondtest
126,,Title,Title 126,00:00:00;00,test,secondtest
127,,Title,Title 127,00:00:00;00,test,secondtest
128,,Title,Title 128,00:00:00;00,test,secondtest
129,,Title,Title 129,00:00:00;00,test,secondtest
130,,Title,Title 130,00:00:00;00,test,secondtest
131,,Title,Title 131,00:00:00;00,test,secondtest
132,,Title,Title 132,00:00:00;00,test,secondtest
133,,Title,Title 133,00:00:00;00,test,secondtest
134,,Title,Title 134,00:00:00;00,test,secondtest
135,,Title,Title 135,00:00:00;00,test,secondtest
136,,Title,Title 136,00:00:00;00,test,secondtest
137,,Title,Title 137,00:00:00;00,test,secondtest
138,,Title,Title 138,00:00:00;00,test,secondtest
139,,Title,Title 139,00:00:00;00,test,secondtest
140,,Title,Title 140,00:00:00;00,test,secondtest
141,,Title,Title 141,00:00:00;00,test,secondtest
142,,Title,Title 142,00:00:00;00,test,secondtest
143,,Title,Title 143,00:00:00;00,test,secondtest
144,,Title,Title 144,00:00:00;00,test,secondtest
145,,Title,Title 145,00:00:00;00,test,secondtest
146,,Title,Title 146,00:00:00;00,test,secondtest
147,,Title,Title 147,00:00:00;00,test,secondtest
148,,Title,Title 148,00:00:00;00,test,secondtest
149,,Title,Title 149,00:00:00;00,test,secondtest
150,,Title,Title 150,00:00:00;00,test,secondtest
151,,Title,Title 151,00:00:00;00,test,secondtest
152,,Title,Title 152,00:00:00;00,test,secondtest
153,,Title,Title 153,00:00:00;00,test,secondtest
154,,Title,Title 154,00:00:00;00,test,secondtest
155,,Title,Title 155,00:00:00;00,test,secondtest
156,,Title,Title 156,00:00:00;00,test,secondtest
157,,Title,Title 157,00:00:00;00,test,secondtest
158,,Title,Title 158,00:00:00;00,test,secondtest
159,,Title,Title 159,00:00:00;00,test,secondtest
160,,Title,Title 160,00:00:00;00,test,secondtest
161,,Title,Title 161,00:00:00;00,test,secondtest
162,,Title,Title 162,00:00:00;00,test,secondtest
163,,Title,Title 163,00:00:00;00,test,secondtest
164,,Title,Title 164,00:00:00;00,test,secondtest
165,,Title,Title 165,00:00:00;00,test,secondtest
166,,Title,Title 166,00:00:00;00,test,secondtest
167,,Title,Title 167,00:00:00;00,test,secondtest
168,,Title,Title 168,00:00:00;00,test,secondtest
169,,Title,Title 169,00:00:00;00,test,secondtest
170,,Title,Title 170,00:00:00;00,test,secondtest
171,,Title,Title 171,00:00:00;00,test,secondtest
172,,Title,Title 172,00:00:00;00,test,secondtest
173,,Title,Title 173,00:00:00;00,test,secondtest
174,,Title,Title 174,00:00:00;00,test,secondtest
175,,Title,Title 175,00:00:00;00,test,secondtest
176,,Title,Title 176,00:00:00;00,test,secondtest
177,,Title,Title 177,00:00:00;00,test,secondtest
178,,Title,Title 178,00:00:00;00,test,secondtest
179,,Title,Title 179,00:00:00;00,test,secondtest
180,,Title,Title 180,00:00:00;00,test,secondtest
181,,Title,Title 181,00:00:00;00,test,secondtest
182,,Title,Title 182,00:00:00;00,test,secondtest
183,,Title,Title 183,00:00:00;00,test,secondtest
184,,Title,Title 184,00:00:00;00,test,secondtest
185,,Title,Title 185,00:00:00;00,test,secondtest
186,,Title,Title 186,00:00:00;00,test,secondtest
187,,Title,Title 187,00:00:00;00,test,secondtest
188,,Title,Title 188,00:00:00;00,test,secondtest
189,,Title,Title 189,00:00:00;00,test,secondtest
190,,Title,Title 190,00:00:00;00,test,secondtest
191,,Title,Title 191,00:00:00;00,test,secondtest
192,,Title,Title 192,00:00:00;00,test,secondtest
193,,Title,Title 193,00:00:00;00,test,secondtest
194,,Title,Title 194,00:00:00;00,test,secondtest
195,,Title,Title 195,00:00:00;00,test,secondtest
196,,Title,Title 196,00:00:00;00,test,secondtest
197,,Title,Title 197,00:00:00;00,test,secondtest
198,,Title,Title 198,00:00:00;00,test,secondtest
199,,Title,Title 199,00:00:00;00,test,secondtest
200,,Title,Title 200,00:00:00;00,test,secondtest
201,,Title,Title 201,00:00:00;00,test,secondtest
202,,Title,Title 202,00:00:00;00,test,secondtest
203,,Title,Title 203,00:00:00;00,test,secondtest
204,,Title,Title 204,00:00:00;00,test,secondtest
205,,Title,Title 205,00:00:00;00,test,secondtest
206,,Title,Title 206,00:00:00;00,test,secondtest
207,,Title,Title 207,00:00:00;00,test,secondtest
208,,Title,Title 208,00:00:00;00,test,secondtest
209,,Title,Title 209,00:00:00;00,test,secondtest
210,,Title,Title 210,00:00:00;00,test,secondtest
211,,Title,Title 211,00:00:00;00,test,secondtest
212,,Title,Title 212,00:00:00;00,test,secondtest
213,,Title,Title 213,00:00:00;00,test,secondtest
214,,Title,Title 214,00:00:00;00,test,secondtest
215,,Title,Title 215,00:00:00;00,test,secondtest
216,,Title,Title 216,00:00:00;00,test,secondtest
217,,Title,Title 217,00:00:00;00,test,secondtest
218,,Title,Title 218,00:00:00;00,test,secondtest
219,,Title,Title 219,00:00:00;00,test,secondtest
220,,Title,Title 220,00:00:00;00,test,secondtest
221,,Title,Title 221,00:00:00;00,test,secondtest
222,,Title,Title 222,00:00:00;00,test,secondtest
223,,Title,Title 223,00:00:00;00,test,secondtest
224,,Title,Title 224,00:00:00;00,test,secondtest
225,,Title,Title 225,00:00:00;00,test,secondtest
226,,Title,Title 226,00:00:00;00,test,secondtest
227,,Title,Title 227,00:00:00;00,test,secondtest
228,,Title,Title 228,00:00:00;00,test,secondtest
229,,Title,Title 229,00:00:00;00,test,secondtest
230,,Title,Title 230,00:00:00;00,test,secondtest
231,,Title,Title 231,00:00:00;00,test,secondtest
232,,Title,Title 232,00:00:00;00,test,secondtest
233,,Title,Title 233,00:00:00;00,test,secondtest
234,,Title,Title 234,00:00:00;00,test,secondtest
235,,Title,Title 235,00:00:00;00,test,secondtest
236,,Title,Title 236,00:00:00;00,test,secondtest
237,,Title,Title 237,00:00:00;00,test,secondtest
238,,Title,Title 238,00:00:00;00,test,secondtest
239,,Title,Title 239,00:00:00;00,test,secondtest
240,,Title,Title 240,00:00:00;00,test,secondtest
241,,Title,Title 241,00:00:00;00,test,secondtest
242,,Title,Title 242,00:00:00;00,test,secondtest
243,,Title,Title 243,00:00:00;00,test,secondtest
244,,Title,Title 244,00:00:00;00,test,secondtest
245,,Title,Title 245,00:00:00;00,test,secondtest
246,,Title,Title 246,00:00:00;00,test,secondtest
247,,Title,Title 247,00:00:00;00,test,secondtest
248,,Title,Title 248,00:00:00;00,test,secondtest
249,,Title,Title 249,00:00:00;00,test,secondtest
250,,Title,Title 250,00:00:00;00,test,secondtest
251,,Title,Title 251,00:00:00;00,test,secondtest
252,,Title,Title 252,00:00:00;00,test,secondtest
253,,Title,Title 253,00:00:00;00,test,secondtest
254,,Title,Title 254,00:00:00;00,test,secondtest
255,,Title,Title 255,00:00:00;00,test,secondtest
256,,Title,Title 256,00:00:00;00,test,secondtest
257,,Title,Title 257,00:00:00;00,test,secondtest
258,,Title,Title 258,00:00:00;00,test,secondtest
259,,Title,Title 259,00:00:00;00,test,secondtest
260,,Title,Title 260,00:00:00;00,test,secondtest
261,,Title,Title 261,00:00:00;00,test,secondtest
262,,Title,Title 262,00:00:00;00,test,secondtest
263,,Title,Title 263,00:00:00;00,test,secondtest
264,,Title,Title 264,00:00:00;00,test,secondtest
265,,Title,Title 265,00:00:00;00,test,secondtest
266,,Title,Title 266,00:00:00;00,test,secondtest
267,,Title,Title 267,00:00:00;00,test,secondtest
268,,Title,Title 268,00:00:00;00,test,secondtest
269,,Title,Title 269,00:00:00;00,test,secondtest
270,,Title,Title 270,00:00:00;00,test,secondtest
271,,Title,Title 271,00:00:00;00,test,secondtest
272,,Title,Title 272,00:00:00;00,test,secondtest
273,,Title,Title 273,00:00:00;00,test,secondtest
274,,Title,Title 274,00:00:00;00,test,secondtest
275,,Title,Title 275,00:00:00;00,test,secondtest
276,,Title,Title 276,00:00:00;00,test,secondtest
277,,Title,Title 277,00:00:00;00,test,secondtest
278,,Title,Title 278,00:00:00;00,test,secondtest
279,,Title,Title 279,00:00:00;00,test,secondtest
280,,Title,Title 280,00:00:00;00,test,secondtest
281,,Title,Title 281,00:00:00;00,test,secondtest
282,,Title,Title 282,00:00:00;00,test,secondtest
283,,Title,Title 283,00:00:00;00,test,secondtest
284,,Title,Title 284,00:00:00;00,test,secondtest
285,,Title,Title 285,00:00:00;00,test,secondtest
286,,Title,Title 286,00:00:00;00,test,secondtest
287,,Title,Title 287,00:00:00;00,test,secondtest
288,,Title,Title 288,00:00:00;00,test,secondtest
289,,Title,Title 289,00:00:00;00,test,secondtest
290,,Title,Title 290,00:00:00;00,test,secondtest
291,,Title,Title 291,00:00:00;00,test,secondtest
292,,Title,Title 292,00:00:00;00,test,secondtest
293,,Title,Title 293,00:00:00;00,test,secondtest
294,,Title,Title 294,00:00:00;00,test,secondtest
295,,Title,Title 295,00:00:00;00,test,secondtest
296,,Title,Title 296,00:00:00;00,test,secondtest
297,,Title,Title 297,00:00:00;00,test,secondtest
298,,Title,Title 298,00:00:00;00,test,secondtest
299,,Title,Title 299,00:00:00;00,test,secondtest
300,,Title,Title 300,00:00:00;00,test,secondtest
301,,Title,Title 301,00:00:00;00,test,secondtest
302,,Title,Title 302,00:00:00;00,test,secondtest
303,,Title,Title 303,00:00:00;00,test,secondtest
304,,Title,Title 304,00:00:00;00,test,secondtest
305,,Title,Title 305,00:00:00;00,test,secondtest
306,,Title,Title 306,00:00:00;00,test,secondtest
307,,Title,Title 307,00:00:00;00,test,secondtest
308,,Title,Title 308,00:00:00;00,test,secondtest
309,,Title,Title 309,00:00:00;00,test,secondtest
310,,Title,Title 310,00:00:00;00,test,secondtest
311,,Title,Title 311,00:00:00;00,test,secondtest
312,,Title,Title 312,00:00:00;00,test,secondtest
313,,Title,Title 313,00:00:00;00,test,secondtest
314,,Title,Title 314,00:00:00;00,test,secondtest
315,,Title,Title 315,00:00:00;00,test,secondtest
316,,Title,Title 316,00:00:00;00,test,secondtest
317,,Title,Title 317,00:00:00;00,test,secondtest
318,,Title,Title 318,00:00:00;00,test,secondtest
319,,Title,Title 319,00:00:00;00,test,secondtest
320,,Title,Title 320,00:00:00;00,test,secondtest
321,,Title,Title 321,00:00:00;00,test,secondtest
322,,Title,Title 322,00:00:00;00,test,secondtest
323,,Title,Title 323,00:00:00;00,test,secondtest
324,,Title,Title 324,00:00:00;00,test,secondtest
325,,Title,Title 325,00:00:00;00,test,secondtest
326,,Title,Title 326,00:00:00;00,test,secondtest
327,,Title,Title 327,00:00:00;00,test,secondtest
328,,Title,Title 328,00:00:00;00,test,secondtest
329,,Title,Title 329,00:00:00;00,test,secondtest
330,,Title,Title 330,00:00:00;00,test,secondtest
331,,Title,Title 331,00:00:00;00,test,secondtest
332,,Title,Title 332,00:00:00;00,test,secondtest
333,,Title,Title 333,00:00:00;00,test,secondtest
334,,Title,Title 334,00:00:00;00,test,secondtest
335,,Title,Title 335,00:00:00;00,test,secondtest
336,,Title,Title 336,00:00:00;00,test,secondtest
337,,Title,Title 337,00:00:00;00,test,secondtest
338,,Title,Title 338,00:00:00;00,test,secondtest
339,,Title,Title 339,00:00:00;00,test,secondtest
340,,Title,Title 340,00:00:00;00,test,secondtest
341,,Title,Title 341,00:00:00;00,test,secondtest
342,,Title,Title 342,00:00:00;00,test,secondtest
343,,Title,Title 343,00:00:00;00,test,secondtest
344,,Title,Title 344,00:00:00;00,test,secondtest
345,,Title,Title 345,00:00:00;00,test,secondtest
346,,Title,Title 346,00:00:00;00,test,secondtest
347,,Title,Title 347,00:00:00;00,test,secondtest
348,,Title,Title 348,00:00:00;00,test,secondtest
349,,Title,Title 349,00:00:00;00,test,secondtest
350,,Title,Title 350,00:00:00;00,test,secondtest
351,,Title,Title 351,00:00:00;00,test,secondtest
352,,Title,Title 352,00:00:00;00,test,secondtest
353,,Title,Title 353,00:00:00;00,test,secondtest
354,,Title,Title 354,00:00:00;00,test,secondtest
355,,Title,Title 355,00:00:00;00,test,secondtest
356,,Title,Title 356,00:00:00;00,test,secondtest
357,,Title,Title 357,00:00:00;00,test,secondtest
358,,Title,Title 358,00:00:00;00,test,secondtest
359,,Title,Title 359,00:00:00;00,test,secondtest
360,,Title,Title 360,00:00:00;00,test,secondtest
361,,Title,Title 361,00:00:00;00,test,secondtest
362,,Title,Title 362,00:00:00;00,test,secondtest
363,,Title,Title 363,00:00:00;00,test,secondtest
364,,Title,Title 364,00:00:00;00,test,secondtest
365,,Title,Title 365,00:00:00;00,test,secondtest
366,,Title,Title 366,00:00:00;00,test,secondtest
367,,Title,Title 367,00:00:00;00,test,secondtest
368,,Title,Title 368,00:00:00;00,test,secondtest
369,,Title,Title 369,00:00:00;00,test,secondtest
370,,Title,Title 370,00:00:00;00,test,secondtest
371,,Title,Title 371,00:00:00;00,test,secondtest
372,,Title,Title 372,00:00:00;00,test,secondtest
373,,Title,Title 373,00:00:00;00,test,secondtest
374,,Title,Title 374,00:00:00;00,test,secondtest
375,,Title,Title 375,00:00:00;00,test,secondtest
376,,Title,Title 376,00:00:00;00,test,secondtest
377,,Title,Title 377,00:00:00;00,test,secondtest
378,,Title,Title 378,00:00:00;00,test,secondtest
379,,Title,Title 379,00:00:00;00,test,secondtest
380,,Title,Title 380,00:00:00;00,test,secondtest
381,,Title,Title 381,00:00:00;00,test,secondtest
382,,Title,Title 382,00:00:00;00,test,secondtest
383,,Title,Title 383,00:00:00;00,test,secondtest
384,,Title,Title 384,00:00:00;00,test,secondtest
385,,Title,Title 385,00:00:00;00,test,secondtest
386,,Title,Title 386,00:00:00;00,test,secondtest
387,,Title,Title 387,00:00:00;00,test,secondtest
388,,Title,Title 388,00:00:00;00,test,secondtest
389,,Title,Title 389,00:00:00;00,test,secondtest
390,,Title,Title 390,00:00:00;00,test,secondtest
391,,Title,Title 391,00:00:00;00,test,secondtest
392,,Title,Title 392,00:00:00;00,test,secondtest
393,,Title,Title 393,00:00:00;00,test,secondtest
394,,Title,Title 394,00:00:00;00,test,secondtest
395,,Title,Title 395,00:00:00;00,test,secondtest
396,,Title,Title 396,00:00:00;00,test,secondtest
397,,Title,Title 397,00:00:00;00,test,secondtest
398,,Title,Title 398,00:00:00;00,test,secondtest
399,,Title,Title 399,00:00:00;00,test,secondtest
400,,Title,Title 400,00:00:00;00,test,secondtest
401,,Title,Title 401,00:00:00;00,test,secondtest
402,,Title,Title 402,00:00:00;00,test,secondtest
403,,Title,Title 403,00:00:00;00,test,secondtest
404,,Title,Title 404,00:00:00;00,test,secondtest
405,,Title,Title 405,00:00:00;00,test,secondtest
406,,Title,Title 406,00:00:00;00,test,secondtest
407,,Title,Title 407,00:00:00;00,test,secondtest
408,,Title,Title 408,00:00:00;00,test,secondtest
409,,Title,Title 409,00:00:00;00,test,secondtest
410,,Title,Title 410,00:00:00;00,test,secondtest
411,,Title,Title 411,00:00:00;00,test,secondtest
412,,Title,Title 412,00:00:00;00,test,secondtest
413,,Title,Title 413,00:00:00;00,test,secondtest
414,,Title,Title 414,00:00:00;00,test,secondtest
415,,Title,Title 415,00:00:00;00,test,secondtest
416,,Title,Title 416,00:00:00;00,test,secondtest
417,,Title,Title 417,00:00:00;00,test,secondtest
418,,Title,Title 418,00:00:00;00,test,secondtest
419,,Title,Title 419,00:00:00;00,test,secondtest
420,,Title,Title 420,00:00:00;00,test,secondtest
421,,Title,Title 421,00:00:00;00,test,secondtest
422,,Title,Title 422,00:00:00;00,test,secondtest
423,,Title,Title 423,00:00:00;00,test,secondtest
424,,Title,Title 424,00:00:00;00,test,secondtest
425,,Title,Title 425,00:00:00;00,test,secondtest
426,,Title,Title 426,00:00:00;00,test,secondtest
427,,Title,Title 427,00:00:00;00,test,secondtest
428,,Title,Title 428,00:00:00;00,test,secondtest
429,,Title,Title 429,00:00:00;00,test,secondtest
430,,Title,Title 430,00:00:00;00,test,secondtest
431,,Title,Title 431,00:00:00;00,test,secondtest
432,,Title,Title 432,00:00:00;00,test,secondtest
433,,Title,Title 433,00:00:00;00,test,secondtest
434,,Title,Title 434,00:00:00;00,test,secondtest
435,,Title,Title 435,00:00:00;00,test,secondtest
436,,Title,Title 436,00:00:00;00,test,secondtest
437,,Title,Title 437,00:00:00;00,test,secondtest
438,,Title,Title 438,00:00:00;00,test,secondtest
439,,Title,Title 439,00:00:00;00,test,secondtest
440,,Title,Title 440,00:00:00;00,test,secondtest
441,,Title,Title 441,00:00:00;00,test,secondtest
442,,Title,Title 442,00:00:00;00,test,secondtest
443,,Title,Title 443,00:00:00;00,test,secondtest
444,,Title,Title 444,00:00:00;00,test,secondtest
445,,Title,Title 445,00:00:00;00,test,secondtest
446,,Title,Title 446,00:00:00;00,test,secondtest
447,,Title,Title 447,00:00:00;00,test,secondtest
448,,Title,Title 448,00:00:00;00,test,secondtest
449,,Title,Title 449,00:00:00;00,test,secondtest
450,,Title,Title 450,00:00:00;00,test,secondtest
451,,Title,Title 451,00:00:00;00,test,secondtest
452,,Title,Title 452,00:00:00;00,test,secondtest
453,,Title,Title 453,00:00:00;00,test,secondtest
454,,Title,Title 454,00:00:00;00,test,secondtest
455,,Title,Title 455,00:00:00;00,test,secondtest
456,,Title,Title 456,00:00:00;00,test,secondtest
457,,Title,Title 457,00:00:00;00,test,secondtest
458,,Title,Title 458,00:00:00;00,test,secondtest
459,,Title,Title 459,00:00:00;00,test,secondtest
460,,Title,Title 460,00:00:00;00,test,secondtest
461,,Title,Title 461,00:00:00;00,test,secondtest
462,,Title,Title 462,00:00:00;00,test,secondtest
463,,Title,Title 463,00:00:00;00,test,secondtest
464,,Title,Title 464,00:00:00;00,test,secondtest
465,,Title,Title 465,00:00:00;00,test,secondtest
466,,Title,Title 466,00:00:00;00,test,secondtest
467,,Title,Title 467,00:00:00;00,test,secondtest
468,,Title,Title 468,00:00:00;00,test,secondtest
469,,Title,Title 469,00:00:00;00,test,secondtest
470,,Title,Title 470,00:00:00;00,test,secondtest
471,,Title,Title 471,00:00:00;00,test,secondtest
472,,Title,Title 472,00:00:00;00,test,secondtest
473,,Title,Title 473,00:00:00;00,test,secondtest
474,,Title,Title 474,00:00:00;00,test,secondtest
475,,Title,Title 475,00:00:00;00,test,secondtest
476,,Title,Title 476,00:00:00;00,test,secondtest
477,,Title,Title 477,00:00:00;00,test,secondtest
478,,Title,Title 478,00:00:00;00,test,secondtest
479,,Title,Title 479,00:00:00;00,test,secondtest
480,,Title,Title 480,00:00:00;00,test,secondtest
481,,Title,Title 481,00:00:00;00,test,secondtest
482,,Title,Title 482,00:00:00;00,test,secondtest
483,,Title,Title 483,00:00:00;00,test,secondtest
484,,Title,Title 484,00:00:00;00,test,secondtest
485,,Title,Title 485,00:00:00;00,test,secondtest
486,,Title,Title 486,00:00:00;00,test,secondtest
487,,Title,Title 487,00:00:00;00,test,secondtest
488,,Title,Title 488,00:00:00;00,test,secondtest
489,,Title,Title 489,00:00:00;00,test,secondtest
490,,Title,Title 490,00:00:00;00,test,secondtest
491,,Title,Title 491,00:00:00;00,test,secondtest
492,,Title,Title 492,00:00:00;00,test,secondtest
493,,Title,Title 493,00:00:00;00,test,secondtest
494,,Title,Title 494,00:00:00;00,test,secondtest
495,,Title,Title 495,00:00:00;00,test,secondtest
496,,Title,Title 496,00:00:00;00,test,secondtest
497,,Title,Title 497,00:00:00;00,test,secondtest
498,,Title,Title 498,00:00:00;00,test,secondtest
499,,Title,Title 499,00:00:00;00,test,secondtest
500,,Title,Title 500,00:00:00;00,test,secondtest
501,,Title,Title 501,00:00:00;00,test,secondtest
502,,Title,Title 502,00:00:00;00,test,secondtest
503,,Title,Title 503,00:00:00;00,test,secondtest
504,,Title,Title 504,00:00:00;00,test,secondtest
505,,Title,Title 505,00:00:00;00,test,secondtest
506,,Title,Title 506,00:00:00;00,test,secondtest
507,,Title,Title 507,00:00:00;00,test,secondtest
508,,Title,Title 508,00:00:00;00,test,secondtest
509,,Title,Title 509,00:00:00;00,test,secondtest
510,,Title,Title 510,00:00:00;00,test,secondtest
511,,Title,Title 511,00:00:00;00,test,secondtest
512,,Title,Title 512,00:00:00;00,test,secondtest
513,,Title,Title 513,00:00:00;00,test,secondtest
514,,Title,Title 514,00:00:00;00,test,secondtest
515,,Title,Title 515,00:00:00;00,test,secondtest
516,,Title,Title 516,00:00:00;00,test,secondtest
517,,Title,Title 517,00:00:00;00,test,secondtest
518,,Title,Title 518,00:00:00;00,test,secondtest
519,,Title,Title 519,00:00:00;00,test,secondtest
520,,Title,Title 520,00:00:00;00,test,secondtest
521,,Title,Title 521,00:00:00;00,test,secondtest
522,,Title,Title 522,00:00:00;00,test,secondtest
523,,Title,Title 523,00:00:00;00,test,secondtest
524,,Title,Title 524,00:00:00;00,test,secondtest
525,,Title,Title 525,00:00:00;00,test,secondtest
526,,Title,Title 526,00:00:00;00,test,secondtest
527,,Title,Title 527,00:00:00;00,test,secondtest
528,,Title,Title 528,00:00:00;00,test,secondtest
529,,Title,Title 529,00:00:00;00,test,secondtest
530,,Title,Title 530,00:00:00;00,test,secondtest
531,,Title,Title 531,00:00:00;00,test,secondtest
532,,Title,Title 532,00:00:00;00,test,secondtest
533,,Title,Title 533,00:00:00;00,test,secondtest
534,,Title,Title 534,00:00:00;00,test,secondtest
535,,Title,Title 535,00:00:00;00,test,secondtest
536,,Title,Title 536,00:00:00;00,test,secondtest
537,,Title,Title 537,00:00:00;00,test,secondtest
538,,Title,Title 538,00:00:00;00,test,secondtest
539,,Title,Title 539,00:00:00;00,test,secondtest
540,,Title,Title 540,00:00:00;00,test,secondtest
541,,Title,Title 541,00:00:00;00,test,secondtest
542,,Title,Title 542,00:00:00;00,test,secondtest
543,,Title,Title 543,00:00:00;00,test,secondtest
544,,Title,Title 544,00:00:00;00,test,secondtest
545,,Title,Title 545,00:00:00;00,test,secondtest
546,,Title,Title 546,00:00:00;00,test,secondtest
547,,Title,Title 547,00:00:00;00,test,secondtest
548,,Title,Title 548,00:00:00;00,test,secondtest
549,,Title,Title 549,00:00:00;00,test,secondtest
550,,Title,Title 550,00:00:00;00,test,secondtest
551,,Title,Title 551,00:00:00;00,test,secondtest
552,,Title,Title 552,00:00:00;00,test,secondtest
553,,Title,Title 553,00:00:00;00,test,secondtest
554,,Title,Title 554,00:00:00;00,test,secondtest
555,,Title,Title 555,00:00:00;00,test,secondtest
556,,Title,Title 556,00:00:00;00,test,secondtest
557,,Title,Title 557,00:00:00;00,test,secondtest
558,,Title,Title 558,00:00:00;00,test,secondtest
559,,Title,Title 559,00:00:00;00,test,secondtest
560,,Title,Title 560,00:00:00;00,test,secondtest
561,,Title,Title 561,00:00:00;00,test,secondtest
562,,Title,Title 562,00:00:00;00,test,secondtest
563,,Title,Title 563,00:00:00;00,test,secondtest
564,,Title,Title 564,00:00:00;00,test,secondtest
565,,Title,Title 565,00:00:00;00,test,secondtest
566,,Title,Title 566,00:00:00;00,test,secondtest
567,,Title,Title 567,00:00:00;00,test,secondtest
568,,Title,Title 568,00:00:00;00,test,secondtest
569,,Title,Title 569,00:00:00;00,test,secondtest
570,,Title,Title 570,00:00:00;00,test,secondtest
571,,Title,Title 571,00:00:00;00,test,secondtest
572,,Title,Title 572,00:00:00;00,test,secondtest
573,,Title,Title 573,00:00:00;00,test,secondtest
574,,Title,Title 574,00:00:00;00,test,secondtest
575,,Title,Title 575,00:00:00;00,test,secondtest
576,,Title,Title 576,00:00:00;00,test,secondtest
577,,Title,Title 577,00:00:00;00,test,secondtest
578,,Title,Title 578,00:00:00;00,test,secondtest
579,,Title,Title 579,00:00:00;00,test,secondtest
580,,Title,Title 580,00:00:00;00,test,secondtest
581,,Title,Title 581,00:00:00;00,test,secondtest
582,,Title,Title 582,00:00:00;00,test,secondtest
583,,Title,Title 583,00:00:00;00,test,secondtest
584,,Title,Title 584,00:00:00;00,test,secondtest
585,,Title,Title 585,00:00:00;00,test,secondtest
586,,Title,Title 586,00:00:00;00,test,secondtest
587,,Title,Title 587,00:00:00;00,test,secondtest
588,,Title,Title 588,00:00:00;00,test,secondtest
589,,Title,Title 589,00:00:00;00,test,secondtest
590,,Title,Title 590,00:00:00;00,test,secondtest
591,,Title,Title 591,00:00:00;00,test,secondtest
592,,Title,Title 592,00:00:00;00,test,secondtest
593,,Title,Title 593,00:00:00;00,test,secondtest
594,,Title,Title 594,00:00:00;00,test,secondtest
595,,Title,Title 595,00:00:00;00,test,secondtest
596,,Title,Title 596,00:00:00;00,test,secondtest
597,,Title,Title 597,00:00:00;00,test,secondtest
598,,Title,Title 598,00:00:00;00,test,secondtest
599,,Title,Title 599,00:00:00;00,test,secondtest
600,,Title,Title 600,00:00:00;00,test,secondtest
601,,Title,Title 601,00:00:00;00,test,secondtest
602,,Title,Title 602,00:00:00;00,test,secondtest
603,,Title,Title 603,00:00:00;00,test,secondtest
604,,Title,Title 604,00:00:00;00,test,secondtest
605,,Title,Title 605,00:00:00;00,test,secondtest
606,,Title,Title 606,00:00:00;00,test,secondtest
607,,Title,Title 607,00:00:00;00,test,secondtest
608,,Title,Title 608,00:00:00;00,test,secondtest
609,,Title,Title 609,00:00:00;00,test,secondtest
610,,Title,Title 610,00:00:00;00,test,secondtest
611,,Title,Title 611,00:00:00;00,test,secondtest
612,,Title,Title 612,00:00:00;00,test,secondtest
613,,Title,Title 613,00:00:00;00,test,secondtest
614,,Title,Title 614,00:00:00;00,test,secondtest
615,,Title,Title 615,00:00:00;00,test,secondtest
616,,Title,Title 616,00:00:00;00,test,secondtest
617,,Title,Title 617,00:00:00;00,test,secondtest
618,,Title,Title 618,00:00:00;00,test,secondtest
619,,Title,Title 619,00:00:00;00,test,secondtest
620,,Title,Title 620,00:00:00;00,test,secondtest
621,,Title,Title 621,00:00:00;00,test,secondtest
622,,Title,Title 622,00:00:00;00,test,secondtest
623,,Title,Title 623,00:00:00;00,test,secondtest
624,,Title,Title 624,00:00:00;00,test,secondtest
625,,Title,Title 625,00:00:00;00,test,secondtest
626,,Title,Title 626,00:00:00;00,test,secondtest
627,,Title,Title 627,00:00:00;00,test,secondtest
628,,Title,Title 628,00:00:00;00,test,secondtest
629,,Title,Title 629,00:00:00;00,test,secondtest
630,,Title,Title 630,00:00:00;00,test,secondtest
631,,Title,Title 631,00:00:00;00,test,secondtest
632,,Title,Title 632,00:00:00;00,test,secondtest
633,,Title,Title 633,00:00:00;00,test,secondtest
634,,Title,Title 634,00:00:00;00,test,secondtest
635,,Title,Title 635,00:00:00;00,test,secondtest
636,,Title,Title 636,00:00:00;00,test,secondtest
637,,Title,Title 637,00:00:00;00,test,secondtest
638,,Title,Title 638,00:00:00;00,test,secondtest
639,,Title,Title 639,00:00:00;00,test,secondtest
640,,Title,Title 640,00:00:00;00,test,secondtest
641,,Title,Title 641,00:00:00;00,test,secondtest
642,,Title,Title 642,00:00:00;00,test,secondtest
643,,Title,Title 643,00:00:00;00,test,secondtest
644,,Title,Title 644,00:00:00;00,test,secondtest
645,,Title,Title 645,00:00:00;00,test,secondtest
646,,Title,Title 646,00:00:00;00,test,secondtest
647,,Title,Title 647,00:00:00;00,test,secondtest
648,,Title,Title 648,00:00:00;00,test,secondtest
649,,Title,Title 649,00:00:00;00,test,secondtest
650,,Title,Title 650,00:00:00;00,test,secondtest
651,,Title,Title 651,00:00:00;00,test,secondtest
652,,Title,Title 652,00:00:00;00,test,secondtest
653,,Title,Title 653,00:00:00;00,test,secondtest
654,,Title,Title 654,00:00:00;00,test,secondtest
655,,Title,Title 655,00:00:00;00,test,secondtest
656,,Title,Title 656,00:00:00;00,test,secondtest
657,,Title,Title 657,00:00:00;00,test,secondtest
658,,Title,Title 658,00:00:00;00,test,secondtest
659,,Title,Title 659,00:00:00;00,test,secondtest
660,,Title,Title 660,00:00:00;00,test,secondtest
661,,Title,Title 661,00:00:00;00,test,secondtest
662,,Title,Title 662,00:00:00;00,test,secondtest
663,,Title,Title 663,00:00:00;00,test,secondtest
664,,Title,Title 664,00:00:00;00,test,secondtest
665,,Title,Title 665,00:00:00;00,test,secondtest
666,,Title,Title 666,00:00:00;00,test,secondtest
667,,Title,Title 667,00:00:00;00,test,secondtest
668,,Title,Title 668,00:00:00;00,test,secondtest
669,,Title,Title 669,00:00:00;00,test,secondtest
670,,Title,Title 670,00:00:00;00,test,secondtest
671,,Title,Title 671,00:00:00;00,test,secondtest
672,,Title,Title 672,00:00:00;00,test,secondtest
673,,Title,Title 673,00:00:00;00,test,secondtest
674,,Title,Title 674,00:00:00;00,test,secondtest
675,,Title,Title 675,00:00:00;00,test,secondtest
676,,Title,Title 676,00:00:00;00,test,secondtest
677,,Title,Title 677,00:00:00;00,test,secondtest
678,,Title,Title 678,00:00:00;00,test,secondtest
679,,Title,Title 679,00:00:00;00,test,secondtest
680,,Title,Title 680,00:00:00;00,test,secondtest
681,,Title,Title 681,00:00:00;00,test,secondtest
682,,Title,Title 682,00:00:00;00,test,secondtest
683,,Title,Title 683,00:00:00;00,test,secondtest
684,,Title,Title 684,00:00:00;00,test,secondtest
685,,Title,Title 685,00:00:00;00,test,secondtest
686,,Title,Title 686,00:00:00;00,test,secondtest
687,,Title,Title 687,00:00:00;00,test,secondtest
688,,Title,Title 688,00:00:00;00,test,secondtest
689,,Title,Title 689,00:00:00;00,test,secondtest
690,,Title,Title 690,00:00:00;00,test,secondtest
691,,Title,Title 691,00:00:00;00,test,secondtest
692,,Title,Title 692,00:00:00;00,test,secondtest
693,,Title,Title 693,00:00:00;00,test,secondtest
694,,Title,Title 694,00:00:00;00,test,secondtest
695,,Title,Title 695,00:00:00;00,test,secondtest
696,,Title,Title 696,00:00:00;00,test,secondtest
697,,Title,Title 697,00:00:00;00,test,secondtest
698,,Title,Title 698,00:00:00;00,test,secondtest
699,,Title,Title 699,00:00:00;00,test,secondtest
700,,Title,Title 700,00:00:00;00,test,secondtest
701,,Title,Title 701,00:00:00;00,test,secondtest
702,,Title,Title 702,00:00:00;00,test,secondtest
703,,Title,Title 703,00:00:00;00,test,secondtest
704,,Title,Title 704,00:00:00;00,test,secondtest
705,,Title,Title 705,00:00:00;00,test,secondtest
706,,Title,Title 706,00:00:00;00,test,secondtest
707,,Title,Title 707,00:00:00;00,test,secondtest
708,,Title,Title 708,00:00:00;00,test,secondtest
709,,Title,Title 709,00:00:00;00,test,secondtest
710,,Title,Title 710,00:00:00;00,test,secondtest
711,,Title,Title 711,00:00:00;00,test,secondtest
712,,Title,Title 712,00:00:00;00,test,secondtest
713,,Title,Title 713,00:00:00;00,test,secondtest
714,,Title,Title 714,00:00:00;00,test,secondtest
715,,Title,Title 715,00:00:00;00,test,secondtest
716,,Title,Title 716,00:00:00;00,test,secondtest
717,,Title,Title 717,00:00:00;00,test,secondtest
718,,Title,Title 718,00:00:00;00,test,secondtest
719,,Title,Title 719,00:00:00;00,test,secondtest
720,,Title,Title 720,00:00:00;00,test,secondtest
721,,Title,Title 721,00:00:00;00,test,secondtest
722,,Title,Title 722,00:00:00;00,test,secondtest
723,,Title,Title 723,00:00:00;00,test,secondtest
724,,Title,Title 724,00:00:00;00,test,secondtest
725,,Title,Title 725,00:00:00;00,test,secondtest
726,,Title,Title 726,00:00:00;00,test,secondtest
727,,Title,Title 727,00:00:00;00,test,secondtest
728,,Title,Title 728,00:00:00;00,test,secondtest
729,,Title,Title 729,00:00:00;00,test,secondtest
730,,Title,Title 730,00:00:00;00,test,secondtest
731,,Title,Title 731,00:00:00;00,test,secondtest
732,,Title,Title 732,00:00:00;00,test,secondtest
733,,Title,Title 733,00:00:00;00,test,secondtest
734,,Title,Title 734,00:00:00;00,test,secondtest
735,,Title,Title 735,00:00:00;00,test,secondtest
736,,Title,Title 736,00:00:00;00,test,secondtest
737,,Title,Title 737,00:00:00;00,test,secondtest
738,,Title,Title 738,00:00:00;00,test,secondtest
739,,Title,Title 739,00:00:00;00,test,secondtest
740,,Title,Title 740,00:00:00;00,test,secondtest
741,,Title,Title 741,00:00:00;00,test,secondtest
742,,Title,Title 742,00:00:00;00,test,secondtest
743,,Title,Title 743,00:00:00;00,test,secondtest
744,,Title,Title 744,00:00:00;00,test,secondtest
745,,Title,Title 745,00:00:00;00,test,secondtest
746,,Title,Title 746,00:00:00;00,test,secondtest
747,,Title,Title 747,00:00:00;00,test,secondtest
748,,Title,Title 748,00:00:00;00,test,secondtest
749,,Title,Title 749,00:00:00;00,test,secondtest
750,,Title,Title 750,00:00:00;00,test,secondtest
751,,Title,Title 751,00:00:00;00,test,secondtest
752,,Title,Title 752,00:00:00;00,test,secondtest
753,,Title,Title 753,00:00:00;00,test,secondtest
754,,Title,Title 754,00:00:00;00,test,secondtest
755,,Title,Title 755,00:00:00;00,test,secondtest
756,,Title,Title 756,00:00:00;00,test,secondtest
757,,Title,Title 757,00:00:00;00,test,secondtest
758,,Title,Title 758,00:00:00;00,test,secondtest
759,,Title,Title 759,00:00:00;00,test,secondtest
760,,Title,Title 760,00:00:00;00,test,secondtest
761,,Title,Title 761,00:00:00;00,test,secondtest
762,,Title,Title 762,00:00:00;00,test,secondtest
763,,Title,Title 763,00:00:00;00,test,secondtest
764,,Title,Title 764,00:00:00;00,test,secondtest
765,,Title,Title 765,00:00:00;00,test,secondtest
766,,Title,Title 766,00:00:00;00,test,secondtest
767,,Title,Title 767,00:00:00;00,test,secondtest
768,,Title,Title 768,00:00:00;00,test,secondtest
769,,Title,Title 769,00:00:00;00,test,secondtest
770,,Title,Title 770,00:00:00;00,test,secondtest
771,,Title,Title 771,00:00:00;00,test,secondtest
772,,Title,Title 772,00:00:00;00,test,secondtest
773,,Title,Title 773,00:00:00;00,test,secondtest
774,,Title,Title 774,00:00:00;00,test,secondtest
775,,Title,Title 775,00:00:00;00,test,secondtest
776,,Title,Title 776,00:00:00;00,test,secondtest
777,,Title,Title 777,00:00:00;00,test,secondtest
778,,Title,Title 778,00:00:00;00,test,secondtest
779,,Title,Title 779,00:00:00;00,test,secondtest
780,,Title,Title 780,00:00:00;00,test,secondtest
781,,Title,Title 781,00:00:00;00,test,secondtest
782,,Title,Title 782,00:00:00;00,test,secondtest
783,,Title,Title 783,00:00:00;00,test,secondtest
784,,Title,Title 784,00:00:00;00,test,secondtest
785,,Title,Title 785,00:00:00;00,test,secondtest
786,,Title,Title 786,00:00:00;00,test,secondtest
787,,Title,Title 787,00:00:00;00,test,secondtest
788,,Title,Title 788,00:00:00;00,test,secondtest
789,,Title,Title 789,00:00:00;00,test,secondtest
790,,Title,Title 790,00:00:00;00,test,secondtest
791,,Title,Title 791,00:00:00;00,test,secondtest
792,,Title,Title 792,00:00:00;00,test,secondtest
793,,Title,Title 793,00:00:00;00,test,secondtest
794,,Title,Title 794,00:00:00;00,test,secondtest
795,,Title,Title 795,00:00:00;00,test,secondtest
796,,Title,Title 796,00:00:00;00,test,secondtest
797,,Title,Title 797,00:00:00;00,test,secondtest
798,,Title,Title 798,00:00:00;00,test,secondtest
799,,Title,Title 799,00:00:00;00,test,secondtest
800,,Title,Title 800,00:00:00;00,test,secondtest
801,,Title,Title 801,00:00:00;00,test,secondtest
802,,Title,Title 802,00:00:00;00,test,secondtest
803,,Title,Title 803,00:00:00;00,test,secondtest
804,,Title,Title 804,00:00:00;00,test,secondtest
805,,Title,Title 805,00:00:00;00,test,secondtest
806,,Title,Title 806,00:00:00;00,test,secondtest
807,,Title,Title 807,00:00:00;00,test,secondtest
808,,Title,Title 808,00:00:00;00,test,secondtest
809,,Title,Title 809,00:00:00;00,test,secondtest
810,,Title,Title 810,00:00:00;00,test,secondtest
811,,Title,Title 811,00:00:00;00,test,secondtest
812,,Title,Title 812,00:00:00;00,test,secondtest
813,,Title,Title 813,00:00:00;00,test,secondtest
814,,Title,Title 814,00:00:00;00,test,secondtest
815,,Title,Title 815,00:00:00;00,test,secondtest
816,,Title,Title 816,00:00:00;00,test,secondtest
817,,Title,Title 817,00:00:00;00,test,secondtest
818,,Title,Title 818,00:00:00;00,test,secondtest
819,,Title,Title 819,00:00:00;00,test,secondtest
820,,Title,Title 820,00:00:00;00,test,secondtest
821,,Title,Title 821,00:00:00;00,test,secondtest
822,,Title,Title 822,00:00:00;00,test,secondtest
823,,Title,Title 823,00:00:00;00,test,secondtest
824,,Title,Title 824,00:00:00;00,test,secondtest
825,,Title,Title 825,00:00:00;00,test,secondtest
826,,Title,Title 826,00:00:00;00,test,secondtest
827,,Title,Title 827,00:00:00;00,test,secondtest
828,,Title,Title 828,00:00:00;00,test,secondtest
829,,Title,Title 829,00:00:00;00,test,secondtest
830,,Title,Title 830,00:00:00;00,test,secondtest
831,,Title,Title 831,00:00:00;00,test,secondtest
832,,Title,Title 832,00:00:00;00,test,secondtest
833,,Title,Title 833,00:00:00;00,test,secondtest
834,,Title,Title 834,00:00:00;00,test,secondtest
835,,Title,Title 835,00:00:00;00,test,secondtest
836,,Title,Title 836,00:00:00;00,test,secondtest
837,,Title,Title 837,00:00:00;00,test,secondtest
838,,Title,Title 838,00:00:00;00,test,secondtest
839,,Title,Title 839,00:00:00;00,test,secondtest
840,,Title,Title 840,00:00:00;00,test,secondtest
841,,Title,Title 841,00:00:00;00,test,secondtest
842,,Title,Title 842,00:00:00;00,test,secondtest
843,,Title,Title 843,00:00:00;00,test,secondtest
844,,Title,Title 844,00:00:00;00,test,secondtest
845,,Title,Title 845,00:00:00;00,test,secondtest
846,,Title,Title 846,00:00:00;00,test,secondtest
847,,Title,Title 847,00:00:00;00,test,secondtest
848,,Title,Title 848,00:00:00;00,test,secondtest
849,,Title,Title 849,00:00:00;00,test,secondtest
850,,Title,Title 850,00:00:00;00,test,secondtest
851,,Title,Title 851,00:00:00;00,test,secondtest
852,,Title,Title 852,00:00:00;00,test,secondtest
853,,Title,Title 853,00:00:00;00,test,secondtest
854,,Title,Title 854,00:00:00;00,test,secondtest
855,,Title,Title 855,00:00:00;00,test,secondtest
856,,Title,Title 856,00:00:00;00,test,secondtest
857,,Title,Title 857,00:00:00;00,test,secondtest
858,,Title,Title 858,00:00:00;00,test,secondtest
859,,Title,Title 859,00:00:00;00,test,secondtest
860,,Title,Title 860,00:00:00;00,test,secondtest
861,,Title,Title 861,00:00:00;00,test,secondtest
862,,Title,Title 862,00:00:00;00,test,secondtest
863,,Title,Title 863,00:00:00;00,test,secondtest
864,,Title,Title 864,00:00:00;00,test,secondtest
865,,Title,Title 865,00:00:00;00,test,secondtest
866,,Title,Title 866,00:00:00;00,test,secondtest
867,,Title,Title 867,00:00:00;00,test,secondtest
868,,Title,Title 868,00:00:00;00,test,secondtest
869,,Title,Title 869,00:00:00;00,test,secondtest
870,,Title,Title 870,00:00:00;00,test,secondtest
871,,Title,Title 871,00:00:00;00,test,secondtest
872,,Title,Title 872,00:00:00;00,test,secondtest
873,,Title,Title 873,00:00:00;00,test,secondtest
874,,Title,Title 874,00:00:00;00,test,secondtest
875,,Title,Title 875,00:00:00;00,test,secondtest
876,,Title,Title 876,00:00:00;00,test,secondtest
877,,Title,Title 877,00:00:00;00,test,secondtest
878,,Title,Title 878,00:00:00;00,test,secondtest
879,,Title,Title 879,00:00:00;00,test,secondtest
880,,Title,Title 880,00:00:00;00,test,secondtest
881,,Title,Title 881,00:00:00;00,test,secondtest
882,,Title,Title 882,00:00:00;00,test,secondtest
883,,Title,Title 883,00:00:00;00,test,secondtest
884,,Title,Title 884,00:00:00;00,test,secondtest
885,,Title,Title 885,00:00:00;00,test,secondtest
886,,Title,Title 886,00:00:00;00,test,secondtest
887,,Title,Title 887,00:00:00;00,test,secondtest
888,,Title,Title 888,00:00:00;00,test,secondtest
889,,Title,Title 889,00:00:00;00,test,secondtest
890,,Title,Title 890,00:00:00;00,test,secondtest
891,,Title,Title 891,00:00:00;00,test,secondtest
892,,Title,Title 892,00:00:00;00,test,secondtest
893,,Title,Title 893,00:00:00;00,test,secondtest
894,,Title,Title 894,00:00:00;00,test,secondtest
895,,Title,Title 895,00:00:00;00,test,secondtest
896,,Title,Title 896,00:00:00;00,test,secondtest
897,,Title,Title 897,00:00:00;00,test,secondtest
898,,Title,Title 898,00:00:00;00,test,secondtest
899,,Title,Title 899,00:00:00;00,test,secondtest
900,,Title,Title 900,00:00:00;00,test,secondtest
901,,Title,Title 901,00:00:00;00,test,secondtest
902,,Title,Title 902,00:00:00;00,test,secondtest
903,,Title,Title 903,00:00:00;00,test,secondtest
904,,Title,Title 904,00:00:00;00,test,secondtest
905,,Title,Title 905,00:00:00;00,test,secondtest
906,,Title,Title 906,00:00:00;00,test,secondtest
907,,Title,Title 907,00:00:00;00,test,secondtest
908,,Title,Title 908,00:00:00;00,test,secondtest
909,,Title,Title 909,00:00:00;00,test,secondtest
910,,Title,Title 910,00:00:00;00,test,secondtest
911,,Title,Title 911,00:00:00;00,test,secondtest
912,,Title,Title 912,00:00:00;00,test,secondtest
913,,Title,Title 913,00:00:00;00,test,secondtest
914,,Title,Title 914,00:00:00;00,test,secondtest
915,,Title,Title 915,00:00:00;00,test,secondtest
916,,Title,Title 916,00:00:00;00,test,secondtest
917,,Title,Title 917,00:00:00;00,test,secondtest
918,,Title,Title 918,00:00:00;00,test,secondtest
919,,Title,Title 919,00:00:00;00,test,secondtest
920,,Title,Title 920,00:00:00;00,test,secondtest
921,,Title,Title 921,00:00:00;00,test,secondtest
922,,Title,Title 922,00:00:00;00,test,secondtest
923,,Title,Title 923,00:00:00;00,test,secondtest
924,,Title,Title 924,00:00:00;00,test,secondtest
925,,Title,Title 925,00:00:00;00,test,secondtest
926,,Title,Title 926,00:00:00;00,test,secondtest
927,,Title,Title 927,00:00:00;00,test,secondtest
928,,Title,Title 928,00:00:00;00,test,secondtest
929,,Title,Title 929,00:00:00;00,test,secondtest
930,,Title,Title 930,00:00:00;00,test,secondtest
931,,Title,Title 931,00:00:00;00,test,secondtest
932,,Title,Title 932,00:00:00;00,test,secondtest
933,,Title,Title 933,00:00:00;00,test,secondtest
934,,Title,Title 934,00:00:00;00,test,secondtest
935,,Title,Title 935,00:00:00;00,test,secondtest
936,,Title,Title 936,00:00:00;00,test,secondtest
937,,Title,Title 937,00:00:00;00,test,secondtest
938,,Title,Title 938,00:00:00;00,test,secondtest
939,,Title,Title 939,00:00:00;00,test,secondtest
940,,Title,Title 940,00:00:00;00,test,secondtest
941,,Title,Title 941,00:00:00;00,test,secondtest
942,,Title,Title 942,00:00:00;00,test,secondtest
943,,Title,Title 943,00:00:00;00,test,secondtest
944,,Title,Title 944,00:00:00;00,test,secondtest
945,,Title,Title 945,00:00:00;00,test,secondtest
946,,Title,Title 946,00:00:00;00,test,secondtest
947,,Title,Title 947,00:00:00;00,test,secondtest
948,,Title,Title 948,00:00:00;00,test,secondtest
949,,Title,Title 949,00:00:00;00,test,secondtest
950,,Title,Title 950,00:00:00;00,test,secondtest
951,,Title,Title 951,00:00:00;00,test,secondtest
952,,Title,Title 952,00:00:00;00,test,secondtest
953,,Title,Title 953,00:00:00;00,test,secondtest
954,,Title,Title 954,00:00:00;00,test,secondtest
955,,Title,Title 955,00:00:00;00,test,secondtest
956,,Title,Title 956,00:00:00;00,test,secondtest
957,,Title,Title 957,00:00:00;00,test,secondtest
958,,Title,Title 958,00:00:00;00,test,secondtest
959,,Title,Title 959,00:00:00;00,test,secondtest
960,,Title,Title 960,00:00:00;00,test,secondtest
961,,Title,Title 961,00:00:00;00,test,secondtest
962,,Title,Title 962,00:00:00;00,test,secondtest
963,,Title,Title 963,00:00:00;00,test,secondtest
964,,Title,Title 964,00:00:00;00,test,secondtest
965,,Title,Title 965,00:00:00;00,test,secondtest
966,,Title,Title 966,00:00:00;00,test,secondtest
967,,Title,Title 967,00:00:00;00,test,secondtest
968,,Title,Title 968,00:00:00;00,test,secondtest
969,,Title,Title 969,00:00:00;00,test,secondtest
970,,Title,Title 970,00:00:00;00,test,secondtest
971,,Title,Title 971,00:00:00;00,test,secondtest
972,,Title,Title 972,00:00:00;00,test,secondtest
973,,Title,Title 973,00:00:00;00,test,secondtest
974,,Title,Title 974,00:00:00;00,test,secondtest
975,,Title,Title 975,00:00:00;00,test,secondtest
976,,Title,Title 976,00:00:00;00,test,secondtest
977,,Title,Title 977,00:00:00;00,test,secondtest
978,,Title,Title 978,00:00:00;00,test,secondtest
979,,Title,Title 979,00:00:00;00,test,secondtest
980,,Title,Title 980,00:00:00;00,test,secondtest
981,,Title,Title 981,00:00:00;00,test,secondtest
982,,Title,Title 982,00:00:00;00,test,secondtest
983,,Title,Title 983,00:00:00;00,test,secondtest
984,,Title,Title 984,00:00:00;00,test,secondtest
985,,Title,Title 985,00:00:00;00,test,secondtest
986,,Title,Title 986,00:00:00;00,test,secondtest
987,,Title,Title 987,00:00:00;00,test,secondtest
988,,Title,Title 988,00:00:00;00,test,secondtest
989,,Title,Title 989,00:00:00;00,test,secondtest
990,,Title,Title 990,00:00:00;00,test,secondtest
991,,Title,Title 991,00:00:00;00,test,secondtest
992,,Title,Title 992,00:00:00;00,test,secondtest
993,,Title,Title 993,00:00:00;00,test,secondtest
994,,Title,Title 994,00:00:00;00,test,secondtest
995,,Title,Title 995,00:00:00;00,test,secondtest
996,,Title,Title 996,00:00:00;00,test,secondtest
997,,Title,Title 997,00:00:00;00,test,secondtest
998,,Title,Title 998,00:00:00;00,test,secondtest
999,,Title,Title 999,00:00:00;00,test,secondtest
1000,,Title,Title 1000,00:00:00;00,test,secondtest
